model,mode,N,p,run,io_s,compute_s,comm_s,mean,std,count,logmean,logstd
sequential,0,1000000,1,1,0.005110,0.002475,0,2.772468,3.440830,45800,0.000000,0.000000
sequential,0,1000000,1,2,0.003122,0.002116,0,2.772468,3.440830,45800,0.000000,0.000000
sequential,0,1000000,1,3,0.004228,0.003000,0,2.772468,3.440830,45800,0.000000,0.000000
sequential,0,1000000,1,4,0.003102,0.002807,0,2.772468,3.440830,45800,0.000000,0.000000
sequential,0,1000000,1,5,0.003273,0.002304,0,2.772468,3.440830,45800,0.000000,0.000000
openmp,0,1000000,1,1,0.002911,0.002052,0,2.772468,3.440830,45800,0.000000,0.000000
openmp,0,1000000,1,2,0.002687,0.002407,0,2.772468,3.440830,45800,0.000000,0.000000
openmp,0,1000000,1,3,0.002976,0.002519,0,2.772468,3.440830,45800,0.000000,0.000000
openmp,0,1000000,1,4,0.002738,0.002585,0,2.772468,3.440830,45800,0.000000,0.000000
openmp,0,1000000,1,5,0.002645,0.002127,0,2.772468,3.440830,45800,0.000000,0.000000
openmp,0,1000000,2,1,0.002694,0.001571,0,2.772468,3.440830,45800,0.000000,0.000000
openmp,0,1000000,2,2,0.002592,0.001416,0,2.772468,3.440830,45800,0.000000,0.000000
openmp,0,1000000,2,3,0.002658,0.001461,0,2.772468,3.440830,45800,0.000000,0.000000
openmp,0,1000000,2,4,0.003005,0.001423,0,2.772468,3.440830,45800,0.000000,0.000000
openmp,0,1000000,2,5,0.002604,0.001422,0,2.772468,3.440830,45800,0.000000,0.000000
openmp,0,1000000,4,1,0.002797,0.000815,0,2.772468,3.440830,45800,0.000000,0.000000
openmp,0,1000000,4,2,0.002662,0.001182,0,2.772468,3.440830,45800,0.000000,0.000000
openmp,0,1000000,4,3,0.003006,0.001921,0,2.772468,3.440830,45800,0.000000,0.000000
openmp,0,1000000,4,4,0.003145,0.001461,0,2.772468,3.440830,45800,0.000000,0.000000
openmp,0,1000000,4,5,0.003950,0.001403,0,2.772468,3.440830,45800,0.000000,0.000000
openmp,0,1000000,8,1,0.003963,0.016752,0,2.772468,3.440830,45800,0.000000,0.000000
openmp,0,1000000,8,2,0.003669,0.001036,0,2.772468,3.440830,45800,0.000000,0.000000
openmp,0,1000000,8,3,0.003790,0.001383,0,2.772468,3.440830,45800,0.000000,0.000000
openmp,0,1000000,8,4,0.003721,0.015600,0,2.772468,3.440830,45800,0.000000,0.000000
openmp,0,1000000,8,5,0.003412,0.001259,0,2.772468,3.440830,45800,0.000000,0.000000
openmp,0,1000000,12,1,0.003655,0.024857,0,2.772468,3.440830,45800,0.000000,0.000000
openmp,0,1000000,12,2,0.002948,0.025041,0,2.772468,3.440830,45800,0.000000,0.000000
openmp,0,1000000,12,3,0.002742,0.004773,0,2.772468,3.440830,45800,0.000000,0.000000
openmp,0,1000000,12,4,0.002674,0.013857,0,2.772468,3.440830,45800,0.000000,0.000000
openmp,0,1000000,12,5,0.002597,0.013303,0,2.772468,3.440830,45800,0.000000,0.000000
mpi,0,1000000,1,1,0.005464,0.008610,0.005204,2.772468,3.440830,45800,0.000000,0.000000
mpi,0,1000000,1,2,0.003986,0.009005,0.004077,2.772468,3.440830,45800,0.000000,0.000000
mpi,0,1000000,1,3,0.003511,0.006680,0.003131,2.772468,3.440830,45800,0.000000,0.000000
mpi,0,1000000,1,4,0.005919,0.008590,0.004361,2.772468,3.440830,45800,0.000000,0.000000
mpi,0,1000000,1,5,0.004324,0.010324,0.005181,2.772468,3.440830,45800,0.000000,0.000000
mpi,0,1000000,2,1,0.006519,0.008858,0.007148,2.772468,3.440830,45800,0.000000,0.000000
mpi,0,1000000,2,2,0.005328,0.005817,0.004446,2.772468,3.440830,45800,0.000000,0.000000
mpi,0,1000000,2,3,0.003566,0.004140,0.002866,2.772468,3.440830,45800,0.000000,0.000000
mpi,0,1000000,2,4,0.006188,0.007919,0.006051,2.772468,3.440830,45800,0.000000,0.000000
mpi,0,1000000,2,5,0.005389,0.010292,0.007816,2.772468,3.440830,45800,0.000000,0.000000
mpi,0,1000000,4,1,0.004042,0.006695,0.005915,2.772468,3.440830,45800,0.000000,0.000000
mpi,0,1000000,4,2,0.004570,0.006177,0.005158,2.772468,3.440830,45800,0.000000,0.000000
mpi,0,1000000,4,3,0.004488,0.005605,0.004705,2.772468,3.440830,45800,0.000000,0.000000
mpi,0,1000000,4,4,0.002980,0.004097,0.003457,2.772468,3.440830,45800,0.000000,0.000000
mpi,0,1000000,4,5,0.003208,0.004370,0.003750,2.772468,3.440830,45800,0.000000,0.000000
mpi,0,1000000,8,1,0.005033,0.006663,0.006192,2.772468,3.440830,45800,0.000000,0.000000
mpi,0,1000000,8,2,0.003376,0.005138,0.004796,2.772468,3.440830,45800,0.000000,0.000000
mpi,0,1000000,8,3,0.005141,0.006602,0.006083,2.772468,3.440830,45800,0.000000,0.000000
mpi,0,1000000,8,4,0.003751,0.016061,0.015627,2.772468,3.440830,45800,0.000000,0.000000
mpi,0,1000000,8,5,0.003023,0.007169,0.006756,2.772468,3.440830,45800,0.000000,0.000000
mpi,0,1000000,12,1,0.002992,0.020809,0.020372,2.772468,3.440830,45800,0.000000,0.000000
mpi,0,1000000,12,2,0.006852,0.047391,0.047048,2.772468,3.440830,45800,0.000000,0.000000
mpi,0,1000000,12,3,0.006589,0.011226,0.010916,2.772468,3.440830,45800,0.000000,0.000000
mpi,0,1000000,12,4,0.002693,0.056132,0.055766,2.772468,3.440830,45800,0.000000,0.000000
mpi,0,1000000,12,5,0.003565,0.048262,0.047937,2.772468,3.440830,45800,0.000000,0.000000
sequential,1,1000000,1,1,0.002955,0.024839,0,2.772468,3.440830,45800,1.107990,0.593478
sequential,1,1000000,1,2,0.002771,0.024915,0,2.772468,3.440830,45800,1.107990,0.593478
sequential,1,1000000,1,3,0.003070,0.028090,0,2.772468,3.440830,45800,1.107990,0.593478
sequential,1,1000000,1,4,0.003626,0.030185,0,2.772468,3.440830,45800,1.107990,0.593478
sequential,1,1000000,1,5,0.004167,0.035148,0,2.772468,3.440830,45800,1.107990,0.593478
openmp,1,1000000,1,1,0.004892,0.042582,0,2.772468,3.440830,45800,1.107990,0.593478
openmp,1,1000000,1,2,0.003645,0.040849,0,2.772468,3.440830,45800,1.107990,0.593478
openmp,1,1000000,1,3,0.002939,0.023193,0,2.772468,3.440830,45800,1.107990,0.593478
openmp,1,1000000,1,4,0.002763,0.024222,0,2.772468,3.440830,45800,1.107990,0.593478
openmp,1,1000000,1,5,0.002862,0.023839,0,2.772468,3.440830,45800,1.107990,0.593478
openmp,1,1000000,2,1,0.003394,0.015132,0,2.772468,3.440830,45800,1.107990,0.593478
openmp,1,1000000,2,2,0.004009,0.029791,0,2.772468,3.440830,45800,1.107990,0.593478
openmp,1,1000000,2,3,0.004496,0.027157,0,2.772468,3.440830,45800,1.107990,0.593478
openmp,1,1000000,2,4,0.003592,0.015717,0,2.772468,3.440830,45800,1.107990,0.593478
openmp,1,1000000,2,5,0.003195,0.013672,0,2.772468,3.440830,45800,1.107990,0.593478
openmp,1,1000000,4,1,0.003817,0.010179,0,2.772468,3.440830,45800,1.107990,0.593478
openmp,1,1000000,4,2,0.003268,0.007096,0,2.772468,3.440830,45800,1.107990,0.593478
openmp,1,1000000,4,3,0.003110,0.007812,0,2.772468,3.440830,45800,1.107990,0.593478
openmp,1,1000000,4,4,0.002860,0.008831,0,2.772468,3.440830,45800,1.107990,0.593478
openmp,1,1000000,4,5,0.002772,0.008368,0,2.772468,3.440830,45800,1.107990,0.593478
openmp,1,1000000,8,1,0.002773,0.005149,0,2.772468,3.440830,45800,1.107990,0.593478
openmp,1,1000000,8,2,0.002615,0.005651,0,2.772468,3.440830,45800,1.107990,0.593478
openmp,1,1000000,8,3,0.002673,0.006545,0,2.772468,3.440830,45800,1.107990,0.593478
openmp,1,1000000,8,4,0.002976,0.008481,0,2.772468,3.440830,45800,1.107990,0.593478
openmp,1,1000000,8,5,0.003004,0.006012,0,2.772468,3.440830,45800,1.107990,0.593478
openmp,1,1000000,12,1,0.002993,0.026973,0,2.772468,3.440830,45800,1.107990,0.593478
openmp,1,1000000,12,2,0.003012,0.028521,0,2.772468,3.440830,45800,1.107990,0.593478
openmp,1,1000000,12,3,0.003152,0.020817,0,2.772468,3.440830,45800,1.107990,0.593478
openmp,1,1000000,12,4,0.002783,0.019024,0,2.772468,3.440830,45800,1.107990,0.593478
openmp,1,1000000,12,5,0.003337,0.019946,0,2.772468,3.440830,45800,1.107990,0.593478
mpi,1,1000000,1,1,0.004230,0.027322,0.003675,2.772468,3.440830,45800,1.107990,0.593478
mpi,1,1000000,1,2,0.004495,0.033429,0.005805,2.772468,3.440830,45800,1.107990,0.593478
mpi,1,1000000,1,3,0.004640,0.028746,0.004554,2.772468,3.440830,45800,1.107990,0.593478
mpi,1,1000000,1,4,0.003245,0.027055,0.003208,2.772468,3.440830,45800,1.107990,0.593478
mpi,1,1000000,1,5,0.004637,0.033295,0.005972,2.772468,3.440830,45800,1.107990,0.593478
mpi,1,1000000,2,1,0.005375,0.016112,0.004292,2.772468,3.440830,45800,1.107990,0.593478
mpi,1,1000000,2,2,0.004957,0.016827,0.005194,2.772468,3.440830,45800,1.107990,0.593478
mpi,1,1000000,2,3,0.003109,0.017145,0.003333,2.772468,3.440830,45800,1.107990,0.593478
mpi,1,1000000,2,4,0.005939,0.019582,0.006716,2.772468,3.440830,45800,1.107990,0.593478
mpi,1,1000000,2,5,0.004556,0.022043,0.006574,2.772468,3.440830,45800,1.107990,0.593478
mpi,1,1000000,4,1,0.004902,0.014554,0.005267,2.772468,3.440830,45800,1.107990,0.593478
mpi,1,1000000,4,2,0.004166,0.010930,0.004774,2.772468,3.440830,45800,1.107990,0.593478
mpi,1,1000000,4,3,0.003197,0.012595,0.005024,2.772468,3.440830,45800,1.107990,0.593478
mpi,1,1000000,4,4,0.004506,0.013013,0.005090,2.772468,3.440830,45800,1.107990,0.593478
mpi,1,1000000,4,5,0.004506,0.015410,0.005890,2.772468,3.440830,45800,1.107990,0.593478
mpi,1,1000000,8,1,0.013009,0.012674,0.009668,2.772468,3.440830,45800,1.107990,0.593478
mpi,1,1000000,8,2,0.003374,0.009618,0.005597,2.772468,3.440830,45800,1.107990,0.593478
mpi,1,1000000,8,3,0.004348,0.009101,0.006294,2.772468,3.440830,45800,1.107990,0.593478
mpi,1,1000000,8,4,0.006389,0.013586,0.010168,2.772468,3.440830,45800,1.107990,0.593478
mpi,1,1000000,8,5,0.003837,0.011565,0.007389,2.772468,3.440830,45800,1.107990,0.593478
mpi,1,1000000,12,1,0.004634,0.034880,0.031959,2.772468,3.440830,45800,1.107990,0.593478
mpi,1,1000000,12,2,0.005145,0.042009,0.039427,2.772468,3.440830,45800,1.107990,0.593478
mpi,1,1000000,12,3,0.003540,0.045112,0.042475,2.772468,3.440830,45800,1.107990,0.593478
mpi,1,1000000,12,4,0.003150,0.041700,0.039192,2.772468,3.440830,45800,1.107990,0.593478
mpi,1,1000000,12,5,0.003904,0.065332,0.062547,2.772468,3.440830,45800,1.107990,0.593478
sequential,0,5000000,1,1,0.023374,0.013931,0,2.782745,3.448474,230073,0.000000,0.000000
sequential,0,5000000,1,2,0.019081,0.025788,0,2.782745,3.448474,230073,0.000000,0.000000
sequential,0,5000000,1,3,0.028333,0.025375,0,2.782745,3.448474,230073,0.000000,0.000000
sequential,0,5000000,1,4,0.022359,0.020688,0,2.782745,3.448474,230073,0.000000,0.000000
sequential,0,5000000,1,5,0.018476,0.012569,0,2.782745,3.448474,230073,0.000000,0.000000
openmp,0,5000000,1,1,0.014418,0.014368,0,2.782745,3.448474,230073,0.000000,0.000000
openmp,0,5000000,1,2,0.013777,0.012109,0,2.782745,3.448474,230073,0.000000,0.000000
openmp,0,5000000,1,3,0.015141,0.019189,0,2.782745,3.448474,230073,0.000000,0.000000
openmp,0,5000000,1,4,0.031191,0.013921,0,2.782745,3.448474,230073,0.000000,0.000000
openmp,0,5000000,1,5,0.015546,0.021338,0,2.782745,3.448474,230073,0.000000,0.000000
openmp,0,5000000,2,1,0.017530,0.009875,0,2.782745,3.448474,230073,0.000000,0.000000
openmp,0,5000000,2,2,0.013523,0.006690,0,2.782745,3.448474,230073,0.000000,0.000000
openmp,0,5000000,2,3,0.018192,0.007511,0,2.782745,3.448474,230073,0.000000,0.000000
openmp,0,5000000,2,4,0.014568,0.006738,0,2.782745,3.448474,230073,0.000000,0.000000
openmp,0,5000000,2,5,0.013917,0.009625,0,2.782745,3.448474,230073,0.000000,0.000000
openmp,0,5000000,4,1,0.016917,0.005602,0,2.782745,3.448474,230073,0.000000,0.000000
openmp,0,5000000,4,2,0.038085,0.004274,0,2.782745,3.448474,230073,0.000000,0.000000
openmp,0,5000000,4,3,0.022276,0.005167,0,2.782745,3.448474,230073,0.000000,0.000000
openmp,0,5000000,4,4,0.020638,0.006058,0,2.782745,3.448474,230073,0.000000,0.000000
openmp,0,5000000,4,5,0.020492,0.004336,0,2.782745,3.448474,230073,0.000000,0.000000
openmp,0,5000000,8,1,0.020779,0.011009,0,2.782745,3.448474,230073,0.000000,0.000000
openmp,0,5000000,8,2,0.013595,0.002776,0,2.782745,3.448474,230073,0.000000,0.000000
openmp,0,5000000,8,3,0.013791,0.005427,0,2.782745,3.448474,230073,0.000000,0.000000
openmp,0,5000000,8,4,0.012835,0.002712,0,2.782745,3.448474,230073,0.000000,0.000000
openmp,0,5000000,8,5,0.024206,0.005118,0,2.782745,3.448474,230073,0.000000,0.000000
openmp,0,5000000,12,1,0.021326,0.031947,0,2.782745,3.448474,230073,0.000000,0.000000
openmp,0,5000000,12,2,0.020985,0.019741,0,2.782745,3.448474,230073,0.000000,0.000000
openmp,0,5000000,12,3,0.013972,0.028385,0,2.782745,3.448474,230073,0.000000,0.000000
openmp,0,5000000,12,4,0.018741,0.016928,0,2.782745,3.448474,230073,0.000000,0.000000
openmp,0,5000000,12,5,0.013057,0.014369,0,2.782745,3.448474,230073,0.000000,0.000000
mpi,0,5000000,1,1,0.013538,0.031426,0.019478,2.782745,3.448474,230073,0.000000,0.000000
mpi,0,5000000,1,2,0.014439,0.026763,0.014385,2.782745,3.448474,230073,0.000000,0.000000
mpi,0,5000000,1,3,0.019113,0.026489,0.014096,2.782745,3.448474,230073,0.000000,0.000000
mpi,0,5000000,1,4,0.019656,0.038918,0.023936,2.782745,3.448474,230073,0.000000,0.000000
mpi,0,5000000,1,5,0.015728,0.028729,0.014998,2.782745,3.448474,230073,0.000000,0.000000
mpi,0,5000000,2,1,0.018025,0.021684,0.014726,2.782745,3.448474,230073,0.000000,0.000000
mpi,0,5000000,2,2,0.032552,0.040828,0.032298,2.782745,3.448474,230073,0.000000,0.000000
mpi,0,5000000,2,3,0.023175,0.028320,0.020894,2.782745,3.448474,230073,0.000000,0.000000
mpi,0,5000000,2,4,0.016146,0.023302,0.017170,2.782745,3.448474,230073,0.000000,0.000000
mpi,0,5000000,2,5,0.017799,0.031300,0.024390,2.782745,3.448474,230073,0.000000,0.000000
mpi,0,5000000,4,1,0.018937,0.022931,0.019387,2.782745,3.448474,230073,0.000000,0.000000
mpi,0,5000000,4,2,0.020337,0.019881,0.016249,2.782745,3.448474,230073,0.000000,0.000000
mpi,0,5000000,4,3,0.018982,0.019073,0.015756,2.782745,3.448474,230073,0.000000,0.000000
mpi,0,5000000,4,4,0.019175,0.020623,0.017307,2.782745,3.448474,230073,0.000000,0.000000
mpi,0,5000000,4,5,0.014844,0.022296,0.018527,2.782745,3.448474,230073,0.000000,0.000000
mpi,0,5000000,8,1,0.016674,0.022868,0.021196,2.782745,3.448474,230073,0.000000,0.000000
mpi,0,5000000,8,2,0.015939,0.022607,0.020209,2.782745,3.448474,230073,0.000000,0.000000
mpi,0,5000000,8,3,0.030519,0.023481,0.021137,2.782745,3.448474,230073,0.000000,0.000000
mpi,0,5000000,8,4,0.019103,0.022186,0.020239,2.782745,3.448474,230073,0.000000,0.000000
mpi,0,5000000,8,5,0.022690,0.021112,0.019081,2.782745,3.448474,230073,0.000000,0.000000
mpi,0,5000000,12,1,0.037469,0.046995,0.045439,2.782745,3.448474,230073,0.000000,0.000000
mpi,0,5000000,12,2,0.023369,0.028767,0.027076,2.782745,3.448474,230073,0.000000,0.000000
mpi,0,5000000,12,3,0.017450,0.032751,0.031035,2.782745,3.448474,230073,0.000000,0.000000
mpi,0,5000000,12,4,0.020144,0.059780,0.058027,2.782745,3.448474,230073,0.000000,0.000000
mpi,0,5000000,12,5,0.020973,0.078461,0.076713,2.782745,3.448474,230073,0.000000,0.000000
sequential,1,5000000,1,1,0.017516,0.116190,0,2.782745,3.448474,230073,1.110154,0.594295
sequential,1,5000000,1,2,0.014327,0.114844,0,2.782745,3.448474,230073,1.110154,0.594295
sequential,1,5000000,1,3,0.012793,0.120234,0,2.782745,3.448474,230073,1.110154,0.594295
sequential,1,5000000,1,4,0.021239,0.127410,0,2.782745,3.448474,230073,1.110154,0.594295
sequential,1,5000000,1,5,0.014881,0.115464,0,2.782745,3.448474,230073,1.110154,0.594295
openmp,1,5000000,1,1,0.014534,0.125049,0,2.782745,3.448474,230073,1.110154,0.594295
openmp,1,5000000,1,2,0.014570,0.114684,0,2.782745,3.448474,230073,1.110154,0.594295
openmp,1,5000000,1,3,0.013001,0.140164,0,2.782745,3.448474,230073,1.110154,0.594295
openmp,1,5000000,1,4,0.014674,0.115447,0,2.782745,3.448474,230073,1.110154,0.594295
openmp,1,5000000,1,5,0.012940,0.121734,0,2.782745,3.448474,230073,1.110154,0.594295
openmp,1,5000000,2,1,0.012993,0.057050,0,2.782745,3.448474,230073,1.110154,0.594295
openmp,1,5000000,2,2,0.013373,0.062089,0,2.782745,3.448474,230073,1.110154,0.594295
openmp,1,5000000,2,3,0.016856,0.081291,0,2.782745,3.448474,230073,1.110154,0.594295
openmp,1,5000000,2,4,0.014191,0.056973,0,2.782745,3.448474,230073,1.110154,0.594295
openmp,1,5000000,2,5,0.012805,0.067837,0,2.782745,3.448474,230073,1.110154,0.594295
openmp,1,5000000,4,1,0.013240,0.032936,0,2.782745,3.448474,230073,1.110154,0.594295
openmp,1,5000000,4,2,0.019517,0.035378,0,2.782745,3.448474,230073,1.110154,0.594295
openmp,1,5000000,4,3,0.013024,0.031635,0,2.782745,3.448474,230073,1.110154,0.594295
openmp,1,5000000,4,4,0.012392,0.028941,0,2.782745,3.448474,230073,1.110154,0.594295
openmp,1,5000000,4,5,0.013444,0.038185,0,2.782745,3.448474,230073,1.110154,0.594295
openmp,1,5000000,8,1,0.012462,0.028624,0,2.782745,3.448474,230073,1.110154,0.594295
openmp,1,5000000,8,2,0.013452,0.022501,0,2.782745,3.448474,230073,1.110154,0.594295
openmp,1,5000000,8,3,0.012610,0.025902,0,2.782745,3.448474,230073,1.110154,0.594295
openmp,1,5000000,8,4,0.012645,0.026088,0,2.782745,3.448474,230073,1.110154,0.594295
openmp,1,5000000,8,5,0.012984,0.027155,0,2.782745,3.448474,230073,1.110154,0.594295
openmp,1,5000000,12,1,0.018327,0.039653,0,2.782745,3.448474,230073,1.110154,0.594295
openmp,1,5000000,12,2,0.016668,0.032481,0,2.782745,3.448474,230073,1.110154,0.594295
openmp,1,5000000,12,3,0.013679,0.042747,0,2.782745,3.448474,230073,1.110154,0.594295
openmp,1,5000000,12,4,0.012406,0.037315,0,2.782745,3.448474,230073,1.110154,0.594295
openmp,1,5000000,12,5,0.014767,0.047292,0,2.782745,3.448474,230073,1.110154,0.594295
mpi,1,5000000,1,1,0.024134,0.132619,0.015377,2.782745,3.448474,230073,1.110154,0.594295
mpi,1,5000000,1,2,0.013826,0.142234,0.015360,2.782745,3.448474,230073,1.110154,0.594295
mpi,1,5000000,1,3,0.015329,0.134267,0.016299,2.782745,3.448474,230073,1.110154,0.594295
mpi,1,5000000,1,4,0.014237,0.137057,0.015832,2.782745,3.448474,230073,1.110154,0.594295
mpi,1,5000000,1,5,0.017530,0.132921,0.015818,2.782745,3.448474,230073,1.110154,0.594295
mpi,1,5000000,2,1,0.025085,0.079190,0.020436,2.782745,3.448474,230073,1.110154,0.594295
mpi,1,5000000,2,2,0.030459,0.089816,0.031483,2.782745,3.448474,230073,1.110154,0.594295
mpi,1,5000000,2,3,0.013771,0.075677,0.017748,2.782745,3.448474,230073,1.110154,0.594295
mpi,1,5000000,2,4,0.021983,0.079401,0.020373,2.782745,3.448474,230073,1.110154,0.594295
mpi,1,5000000,2,5,0.018674,0.073203,0.015338,2.782745,3.448474,230073,1.110154,0.594295
mpi,1,5000000,4,1,0.020006,0.048422,0.019513,2.782745,3.448474,230073,1.110154,0.594295
mpi,1,5000000,4,2,0.017322,0.046463,0.017685,2.782745,3.448474,230073,1.110154,0.594295
mpi,1,5000000,4,3,0.023728,0.057572,0.026833,2.782745,3.448474,230073,1.110154,0.594295
mpi,1,5000000,4,4,0.019271,0.055750,0.026723,2.782745,3.448474,230073,1.110154,0.594295
mpi,1,5000000,4,5,0.017648,0.051405,0.022632,2.782745,3.448474,230073,1.110154,0.594295
mpi,1,5000000,8,1,0.020171,0.042624,0.026427,2.782745,3.448474,230073,1.110154,0.594295
mpi,1,5000000,8,2,0.024189,0.043457,0.025745,2.782745,3.448474,230073,1.110154,0.594295
mpi,1,5000000,8,3,0.017940,0.040559,0.022690,2.782745,3.448474,230073,1.110154,0.594295
mpi,1,5000000,8,4,0.018612,0.042251,0.023185,2.782745,3.448474,230073,1.110154,0.594295
mpi,1,5000000,8,5,0.019327,0.042180,0.028074,2.782745,3.448474,230073,1.110154,0.594295
mpi,1,5000000,12,1,0.017195,0.068554,0.055826,2.782745,3.448474,230073,1.110154,0.594295
mpi,1,5000000,12,2,0.017578,0.134753,0.121154,2.782745,3.448474,230073,1.110154,0.594295
mpi,1,5000000,12,3,0.040020,0.082038,0.068211,2.782745,3.448474,230073,1.110154,0.594295
mpi,1,5000000,12,4,0.026840,0.068024,0.054337,2.782745,3.448474,230073,1.110154,0.594295
mpi,1,5000000,12,5,0.017638,0.059616,0.045561,2.782745,3.448474,230073,1.110154,0.594295
sequential,0,10000000,1,1,0.040730,0.027280,0,2.782749,3.443939,460651,0.000000,0.000000
sequential,0,10000000,1,2,0.030820,0.036075,0,2.782749,3.443939,460651,0.000000,0.000000
sequential,0,10000000,1,3,0.031197,0.021448,0,2.782749,3.443939,460651,0.000000,0.000000
sequential,0,10000000,1,4,0.027473,0.024033,0,2.782749,3.443939,460651,0.000000,0.000000
sequential,0,10000000,1,5,0.028722,0.027495,0,2.782749,3.443939,460651,0.000000,0.000000
openmp,0,10000000,1,1,0.028732,0.026278,0,2.782749,3.443939,460651,0.000000,0.000000
openmp,0,10000000,1,2,0.037740,0.030139,0,2.782749,3.443939,460651,0.000000,0.000000
openmp,0,10000000,1,3,0.027244,0.024100,0,2.782749,3.443939,460651,0.000000,0.000000
openmp,0,10000000,1,4,0.027895,0.023892,0,2.782749,3.443939,460651,0.000000,0.000000
openmp,0,10000000,1,5,0.031638,0.029450,0,2.782749,3.443939,460651,0.000000,0.000000
openmp,0,10000000,2,1,0.036267,0.027821,0,2.782749,3.443939,460651,0.000000,0.000000
openmp,0,10000000,2,2,0.039238,0.014000,0,2.782749,3.443939,460651,0.000000,0.000000
openmp,0,10000000,2,3,0.027158,0.013045,0,2.782749,3.443939,460651,0.000000,0.000000
openmp,0,10000000,2,4,0.028027,0.011377,0,2.782749,3.443939,460651,0.000000,0.000000
openmp,0,10000000,2,5,0.032229,0.011901,0,2.782749,3.443939,460651,0.000000,0.000000
openmp,0,10000000,4,1,0.035483,0.013968,0,2.782749,3.443939,460651,0.000000,0.000000
openmp,0,10000000,4,2,0.032125,0.007539,0,2.782749,3.443939,460651,0.000000,0.000000
openmp,0,10000000,4,3,0.029416,0.006946,0,2.782749,3.443939,460651,0.000000,0.000000
openmp,0,10000000,4,4,0.031889,0.009013,0,2.782749,3.443939,460651,0.000000,0.000000
openmp,0,10000000,4,5,0.033696,0.006048,0,2.782749,3.443939,460651,0.000000,0.000000
openmp,0,10000000,8,1,0.032916,0.012280,0,2.782749,3.443939,460651,0.000000,0.000000
openmp,0,10000000,8,2,0.030891,0.008101,0,2.782749,3.443939,460651,0.000000,0.000000
openmp,0,10000000,8,3,0.027221,0.005346,0,2.782749,3.443939,460651,0.000000,0.000000
openmp,0,10000000,8,4,0.031503,0.005238,0,2.782749,3.443939,460651,0.000000,0.000000
openmp,0,10000000,8,5,0.030778,0.013883,0,2.782749,3.443939,460651,0.000000,0.000000
openmp,0,10000000,12,1,0.033737,0.023091,0,2.782749,3.443939,460651,0.000000,0.000000
openmp,0,10000000,12,2,0.029327,0.023527,0,2.782749,3.443939,460651,0.000000,0.000000
openmp,0,10000000,12,3,0.025879,0.016017,0,2.782749,3.443939,460651,0.000000,0.000000
openmp,0,10000000,12,4,0.026287,0.015805,0,2.782749,3.443939,460651,0.000000,0.000000
openmp,0,10000000,12,5,0.027436,0.025327,0,2.782749,3.443939,460651,0.000000,0.000000
mpi,0,10000000,1,1,0.029151,0.069838,0.045941,2.782749,3.443939,460651,0.000000,0.000000
mpi,0,10000000,1,2,0.029017,0.051655,0.027902,2.782749,3.443939,460651,0.000000,0.000000
mpi,0,10000000,1,3,0.027618,0.053024,0.028752,2.782749,3.443939,460651,0.000000,0.000000
mpi,0,10000000,1,4,0.034987,0.056631,0.028240,2.782749,3.443939,460651,0.000000,0.000000
mpi,0,10000000,1,5,0.027105,0.053911,0.027118,2.782749,3.443939,460651,0.000000,0.000000
mpi,0,10000000,2,1,0.051192,0.049443,0.035975,2.782749,3.443939,460651,0.000000,0.000000
mpi,0,10000000,2,2,0.043159,0.049635,0.036018,2.782749,3.443939,460651,0.000000,0.000000
mpi,0,10000000,2,3,0.039913,0.048536,0.034678,2.782749,3.443939,460651,0.000000,0.000000
mpi,0,10000000,2,4,0.027410,0.041910,0.029117,2.782749,3.443939,460651,0.000000,0.000000
mpi,0,10000000,2,5,0.041926,0.045141,0.032298,2.782749,3.443939,460651,0.000000,0.000000
mpi,0,10000000,4,1,0.035429,0.040365,0.032846,2.782749,3.443939,460651,0.000000,0.000000
mpi,0,10000000,4,2,0.034738,0.038857,0.032373,2.782749,3.443939,460651,0.000000,0.000000
mpi,0,10000000,4,3,0.036644,0.045472,0.038733,2.782749,3.443939,460651,0.000000,0.000000
mpi,0,10000000,4,4,0.035750,0.039394,0.033017,2.782749,3.443939,460651,0.000000,0.000000
mpi,0,10000000,4,5,0.037832,0.043386,0.036838,2.782749,3.443939,460651,0.000000,0.000000
mpi,0,10000000,8,1,0.036093,0.047512,0.042570,2.782749,3.443939,460651,0.000000,0.000000
mpi,0,10000000,8,2,0.033919,0.042148,0.037337,2.782749,3.443939,460651,0.000000,0.000000
mpi,0,10000000,8,3,0.039073,0.042544,0.037680,2.782749,3.443939,460651,0.000000,0.000000
mpi,0,10000000,8,4,0.032956,0.043923,0.039163,2.782749,3.443939,460651,0.000000,0.000000
mpi,0,10000000,8,5,0.033852,0.047248,0.042471,2.782749,3.443939,460651,0.000000,0.000000
mpi,0,10000000,12,1,0.048670,0.069215,0.066048,2.782749,3.443939,460651,0.000000,0.000000
mpi,0,10000000,12,2,0.036973,0.052615,0.049062,2.782749,3.443939,460651,0.000000,0.000000
mpi,0,10000000,12,3,0.038091,0.054248,0.050897,2.782749,3.443939,460651,0.000000,0.000000
mpi,0,10000000,12,4,0.041810,0.059277,0.055688,2.782749,3.443939,460651,0.000000,0.000000
mpi,0,10000000,12,5,0.039470,0.067461,0.064129,2.782749,3.443939,460651,0.000000,0.000000
sequential,1,10000000,1,1,0.044607,0.263377,0,2.782749,3.443939,460651,1.110136,0.594393
sequential,1,10000000,1,2,0.031811,0.233953,0,2.782749,3.443939,460651,1.110136,0.594393
sequential,1,10000000,1,3,0.049452,0.268991,0,2.782749,3.443939,460651,1.110136,0.594393
sequential,1,10000000,1,4,0.031010,0.280817,0,2.782749,3.443939,460651,1.110136,0.594393
sequential,1,10000000,1,5,0.036943,0.243773,0,2.782749,3.443939,460651,1.110136,0.594393
openmp,1,10000000,1,1,0.031462,0.258759,0,2.782749,3.443939,460651,1.110136,0.594393
openmp,1,10000000,1,2,0.030613,0.281570,0,2.782749,3.443939,460651,1.110136,0.594393
openmp,1,10000000,1,3,0.034226,0.243308,0,2.782749,3.443939,460651,1.110136,0.594393
openmp,1,10000000,1,4,0.031675,0.250290,0,2.782749,3.443939,460651,1.110136,0.594393
openmp,1,10000000,1,5,0.033824,0.228364,0,2.782749,3.443939,460651,1.110136,0.594393
openmp,1,10000000,2,1,0.027211,0.130969,0,2.782749,3.443939,460651,1.110136,0.594393
openmp,1,10000000,2,2,0.027504,0.144738,0,2.782749,3.443939,460651,1.110136,0.594393
openmp,1,10000000,2,3,0.028239,0.115851,0,2.782749,3.443939,460651,1.110136,0.594393
openmp,1,10000000,2,4,0.027286,0.155223,0,2.782749,3.443939,460651,1.110136,0.594393
openmp,1,10000000,2,5,0.025795,0.116150,0,2.782749,3.443939,460651,1.110136,0.594393
openmp,1,10000000,4,1,0.033687,0.073935,0,2.782749,3.443939,460651,1.110136,0.594393
openmp,1,10000000,4,2,0.025012,0.058412,0,2.782749,3.443939,460651,1.110136,0.594393
openmp,1,10000000,4,3,0.027111,0.064002,0,2.782749,3.443939,460651,1.110136,0.594393
openmp,1,10000000,4,4,0.031871,0.061172,0,2.782749,3.443939,460651,1.110136,0.594393
openmp,1,10000000,4,5,0.025205,0.057918,0,2.782749,3.443939,460651,1.110136,0.594393
openmp,1,10000000,8,1,0.028686,0.061272,0,2.782749,3.443939,460651,1.110136,0.594393
openmp,1,10000000,8,2,0.026561,0.046553,0,2.782749,3.443939,460651,1.110136,0.594393
openmp,1,10000000,8,3,0.028334,0.044177,0,2.782749,3.443939,460651,1.110136,0.594393
openmp,1,10000000,8,4,0.029992,0.044139,0,2.782749,3.443939,460651,1.110136,0.594393
openmp,1,10000000,8,5,0.025802,0.054021,0,2.782749,3.443939,460651,1.110136,0.594393
openmp,1,10000000,12,1,0.029387,0.068055,0,2.782749,3.443939,460651,1.110136,0.594393
openmp,1,10000000,12,2,0.029138,0.038586,0,2.782749,3.443939,460651,1.110136,0.594393
openmp,1,10000000,12,3,0.024988,0.078048,0,2.782749,3.443939,460651,1.110136,0.594393
openmp,1,10000000,12,4,0.030206,0.055459,0,2.782749,3.443939,460651,1.110136,0.594393
openmp,1,10000000,12,5,0.025544,0.049417,0,2.782749,3.443939,460651,1.110136,0.594393
mpi,1,10000000,1,1,0.026784,0.276714,0.043885,2.782749,3.443939,460651,1.110136,0.594393
mpi,1,10000000,1,2,0.029655,0.269944,0.037038,2.782749,3.443939,460651,1.110136,0.594393
mpi,1,10000000,1,3,0.029393,0.266437,0.029795,2.782749,3.443939,460651,1.110136,0.594393
mpi,1,10000000,1,4,0.031533,0.261494,0.029740,2.782749,3.443939,460651,1.110136,0.594393
mpi,1,10000000,1,5,0.033931,0.267532,0.035710,2.782749,3.443939,460651,1.110136,0.594393
mpi,1,10000000,2,1,0.036673,0.149144,0.035470,2.782749,3.443939,460651,1.110136,0.594393
mpi,1,10000000,2,2,0.045487,0.152315,0.035102,2.782749,3.443939,460651,1.110136,0.594393
mpi,1,10000000,2,3,0.030234,0.150557,0.034148,2.782749,3.443939,460651,1.110136,0.594393
mpi,1,10000000,2,4,0.027876,0.148561,0.032165,2.782749,3.443939,460651,1.110136,0.594393
mpi,1,10000000,2,5,0.042465,0.148735,0.033482,2.782749,3.443939,460651,1.110136,0.594393
mpi,1,10000000,4,1,0.037720,0.090892,0.033919,2.782749,3.443939,460651,1.110136,0.594393
mpi,1,10000000,4,2,0.036658,0.091473,0.034545,2.782749,3.443939,460651,1.110136,0.594393
mpi,1,10000000,4,3,0.035418,0.093625,0.036858,2.782749,3.443939,460651,1.110136,0.594393
mpi,1,10000000,4,4,0.036305,0.094827,0.037501,2.782749,3.443939,460651,1.110136,0.594393
mpi,1,10000000,4,5,0.039265,0.096832,0.040408,2.782749,3.443939,460651,1.110136,0.594393
mpi,1,10000000,8,1,0.039713,0.081948,0.043764,2.782749,3.443939,460651,1.110136,0.594393
mpi,1,10000000,8,2,0.041668,0.076009,0.038506,2.782749,3.443939,460651,1.110136,0.594393
mpi,1,10000000,8,3,0.036612,0.081125,0.044518,2.782749,3.443939,460651,1.110136,0.594393
mpi,1,10000000,8,4,0.035830,0.077263,0.038805,2.782749,3.443939,460651,1.110136,0.594393
mpi,1,10000000,8,5,0.036925,0.083737,0.044555,2.782749,3.443939,460651,1.110136,0.594393
mpi,1,10000000,12,1,0.037055,0.100615,0.071370,2.782749,3.443939,460651,1.110136,0.594393
mpi,1,10000000,12,2,0.044608,0.090736,0.061107,2.782749,3.443939,460651,1.110136,0.594393
mpi,1,10000000,12,3,0.039065,0.096305,0.066987,2.782749,3.443939,460651,1.110136,0.594393
mpi,1,10000000,12,4,0.058874,0.156240,0.128675,2.782749,3.443939,460651,1.110136,0.594393
mpi,1,10000000,12,5,0.051460,0.155428,0.125826,2.782749,3.443939,460651,1.110136,0.594393
sequential,0,25000000,1,1,0.081628,0.073922,0,2.832782,3.528553,1240562,0.000000,0.000000
sequential,0,25000000,1,2,0.072097,0.057031,0,2.832782,3.528553,1240562,0.000000,0.000000
sequential,0,25000000,1,3,0.077192,0.068644,0,2.832782,3.528553,1240562,0.000000,0.000000
sequential,0,25000000,1,4,0.069857,0.049221,0,2.832782,3.528553,1240562,0.000000,0.000000
sequential,0,25000000,1,5,0.085094,0.056434,0,2.832782,3.528553,1240562,0.000000,0.000000
openmp,0,25000000,1,1,0.070149,0.057847,0,2.832782,3.528553,1240562,0.000000,0.000000
openmp,0,25000000,1,2,0.080436,0.054820,0,2.832782,3.528553,1240562,0.000000,0.000000
openmp,0,25000000,1,3,0.066763,0.059151,0,2.832782,3.528553,1240562,0.000000,0.000000
openmp,0,25000000,1,4,0.068598,0.051887,0,2.832782,3.528553,1240562,0.000000,0.000000
openmp,0,25000000,1,5,0.073252,0.048458,0,2.832782,3.528553,1240562,0.000000,0.000000
openmp,0,25000000,2,1,0.065638,0.027893,0,2.832782,3.528553,1240562,0.000000,0.000000
openmp,0,25000000,2,2,0.076866,0.043880,0,2.832782,3.528553,1240562,0.000000,0.000000
openmp,0,25000000,2,3,0.067832,0.030459,0,2.832782,3.528553,1240562,0.000000,0.000000
openmp,0,25000000,2,4,0.073399,0.046834,0,2.832782,3.528553,1240562,0.000000,0.000000
openmp,0,25000000,2,5,0.071626,0.028991,0,2.832782,3.528553,1240562,0.000000,0.000000
openmp,0,25000000,4,1,0.066791,0.013808,0,2.832782,3.528553,1240562,0.000000,0.000000
openmp,0,25000000,4,2,0.072201,0.023546,0,2.832782,3.528553,1240562,0.000000,0.000000
openmp,0,25000000,4,3,0.063721,0.015887,0,2.832782,3.528553,1240562,0.000000,0.000000
openmp,0,25000000,4,4,0.068834,0.025196,0,2.832782,3.528553,1240562,0.000000,0.000000
openmp,0,25000000,4,5,0.072436,0.016881,0,2.832782,3.528553,1240562,0.000000,0.000000
openmp,0,25000000,8,1,0.064939,0.015885,0,2.832782,3.528553,1240562,0.000000,0.000000
openmp,0,25000000,8,2,0.068902,0.013250,0,2.832782,3.528553,1240562,0.000000,0.000000
openmp,0,25000000,8,3,0.067746,0.011961,0,2.832782,3.528553,1240562,0.000000,0.000000
openmp,0,25000000,8,4,0.063495,0.011919,0,2.832782,3.528553,1240562,0.000000,0.000000
openmp,0,25000000,8,5,0.077932,0.025166,0,2.832782,3.528553,1240562,0.000000,0.000000
openmp,0,25000000,12,1,0.069887,0.025029,0,2.832782,3.528553,1240562,0.000000,0.000000
openmp,0,25000000,12,2,0.064030,0.034154,0,2.832782,3.528553,1240562,0.000000,0.000000
openmp,0,25000000,12,3,0.074848,0.025457,0,2.832782,3.528553,1240562,0.000000,0.000000
openmp,0,25000000,12,4,0.063938,0.030120,0,2.832782,3.528553,1240562,0.000000,0.000000
openmp,0,25000000,12,5,0.075717,0.037168,0,2.832782,3.528553,1240562,0.000000,0.000000
mpi,0,25000000,1,1,0.071138,0.187937,0.115171,2.832782,3.528553,1240562,0.000000,0.000000
mpi,0,25000000,1,2,0.082720,0.136652,0.072442,2.832782,3.528553,1240562,0.000000,0.000000
mpi,0,25000000,1,3,0.082497,0.137318,0.074014,2.832782,3.528553,1240562,0.000000,0.000000
mpi,0,25000000,1,4,0.113894,0.133903,0.073524,2.832782,3.528553,1240562,0.000000,0.000000
mpi,0,25000000,1,5,0.087350,0.188837,0.117631,2.832782,3.528553,1240562,0.000000,0.000000
mpi,0,25000000,2,1,0.095661,0.111241,0.080385,2.832782,3.528553,1240562,0.000000,0.000000
mpi,0,25000000,2,2,0.079846,0.114040,0.081148,2.832782,3.528553,1240562,0.000000,0.000000
mpi,0,25000000,2,3,0.073721,0.139402,0.104666,2.832782,3.528553,1240562,0.000000,0.000000
mpi,0,25000000,2,4,0.106036,0.111458,0.080429,2.832782,3.528553,1240562,0.000000,0.000000
mpi,0,25000000,2,5,0.119322,0.110134,0.079049,2.832782,3.528553,1240562,0.000000,0.000000
mpi,0,25000000,4,1,0.077935,0.093834,0.078178,2.832782,3.528553,1240562,0.000000,0.000000
mpi,0,25000000,4,2,0.075732,0.110687,0.095165,2.832782,3.528553,1240562,0.000000,0.000000
mpi,0,25000000,4,3,0.076949,0.097215,0.081186,2.832782,3.528553,1240562,0.000000,0.000000
mpi,0,25000000,4,4,0.081174,0.093316,0.077554,2.832782,3.528553,1240562,0.000000,0.000000
mpi,0,25000000,4,5,0.085682,0.095764,0.079347,2.832782,3.528553,1240562,0.000000,0.000000
mpi,0,25000000,8,1,0.088932,0.113699,0.103999,2.832782,3.528553,1240562,0.000000,0.000000
mpi,0,25000000,8,2,0.085353,0.105319,0.095555,2.832782,3.528553,1240562,0.000000,0.000000
mpi,0,25000000,8,3,0.083716,0.104659,0.094349,2.832782,3.528553,1240562,0.000000,0.000000
mpi,0,25000000,8,4,0.080157,0.116985,0.105520,2.832782,3.528553,1240562,0.000000,0.000000
mpi,0,25000000,8,5,0.080485,0.105669,0.093611,2.832782,3.528553,1240562,0.000000,0.000000
mpi,0,25000000,12,1,0.090947,0.168476,0.159905,2.832782,3.528553,1240562,0.000000,0.000000
mpi,0,25000000,12,2,0.091694,0.183268,0.174079,2.832782,3.528553,1240562,0.000000,0.000000
mpi,0,25000000,12,3,0.129578,0.220384,0.211872,2.832782,3.528553,1240562,0.000000,0.000000
mpi,0,25000000,12,4,0.084105,0.239225,0.229285,2.832782,3.528553,1240562,0.000000,0.000000
mpi,0,25000000,12,5,0.094761,0.256401,0.248176,2.832782,3.528553,1240562,0.000000,0.000000
sequential,1,25000000,1,1,0.080054,0.565465,0,2.832782,3.528553,1240562,1.115590,0.603940
sequential,1,25000000,1,2,0.066401,0.570181,0,2.832782,3.528553,1240562,1.115590,0.603940
sequential,1,25000000,1,3,0.073567,0.574702,0,2.832782,3.528553,1240562,1.115590,0.603940
sequential,1,25000000,1,4,0.080464,0.569685,0,2.832782,3.528553,1240562,1.115590,0.603940
sequential,1,25000000,1,5,0.066345,0.572922,0,2.832782,3.528553,1240562,1.115590,0.603940
openmp,1,25000000,1,1,0.064165,0.573427,0,2.832782,3.528553,1240562,1.115590,0.603940
openmp,1,25000000,1,2,0.065473,0.583421,0,2.832782,3.528553,1240562,1.115590,0.603940
openmp,1,25000000,1,3,0.100656,0.569757,0,2.832782,3.528553,1240562,1.115590,0.603940
openmp,1,25000000,1,4,0.068075,0.576333,0,2.832782,3.528553,1240562,1.115590,0.603940
openmp,1,25000000,1,5,0.071398,0.568462,0,2.832782,3.528553,1240562,1.115590,0.603940
openmp,1,25000000,2,1,0.067667,0.289487,0,2.832782,3.528553,1240562,1.115590,0.603940
openmp,1,25000000,2,2,0.064861,0.284012,0,2.832782,3.528553,1240562,1.115590,0.603940
openmp,1,25000000,2,3,0.069088,0.299581,0,2.832782,3.528553,1240562,1.115590,0.603940
openmp,1,25000000,2,4,0.086864,0.297690,0,2.832782,3.528553,1240562,1.115590,0.603940
openmp,1,25000000,2,5,0.072511,0.287494,0,2.832782,3.528553,1240562,1.115590,0.603940
openmp,1,25000000,4,1,0.083314,0.183755,0,2.832782,3.528553,1240562,1.115590,0.603940
openmp,1,25000000,4,2,0.071647,0.147164,0,2.832782,3.528553,1240562,1.115590,0.603940
openmp,1,25000000,4,3,0.064475,0.145071,0,2.832782,3.528553,1240562,1.115590,0.603940
openmp,1,25000000,4,4,0.063165,0.151785,0,2.832782,3.528553,1240562,1.115590,0.603940
openmp,1,25000000,4,5,0.066220,0.140882,0,2.832782,3.528553,1240562,1.115590,0.603940
openmp,1,25000000,8,1,0.077101,0.117782,0,2.832782,3.528553,1240562,1.115590,0.603940
openmp,1,25000000,8,2,0.070325,0.106739,0,2.832782,3.528553,1240562,1.115590,0.603940
openmp,1,25000000,8,3,0.070175,0.121685,0,2.832782,3.528553,1240562,1.115590,0.603940
openmp,1,25000000,8,4,0.062769,0.107169,0,2.832782,3.528553,1240562,1.115590,0.603940
openmp,1,25000000,8,5,0.062803,0.111955,0,2.832782,3.528553,1240562,1.115590,0.603940
openmp,1,25000000,12,1,0.070106,0.128551,0,2.832782,3.528553,1240562,1.115590,0.603940
openmp,1,25000000,12,2,0.070920,0.112971,0,2.832782,3.528553,1240562,1.115590,0.603940
openmp,1,25000000,12,3,0.068778,0.119799,0,2.832782,3.528553,1240562,1.115590,0.603940
openmp,1,25000000,12,4,0.064515,0.133782,0,2.832782,3.528553,1240562,1.115590,0.603940
openmp,1,25000000,12,5,0.065200,0.161244,0,2.832782,3.528553,1240562,1.115590,0.603940
mpi,1,25000000,1,1,0.067638,0.710104,0.122753,2.832782,3.528553,1240562,1.115590,0.603940
mpi,1,25000000,1,2,0.069119,0.659021,0.070725,2.832782,3.528553,1240562,1.115590,0.603940
mpi,1,25000000,1,3,0.065235,0.663103,0.071876,2.832782,3.528553,1240562,1.115590,0.603940
mpi,1,25000000,1,4,0.082162,0.714168,0.070889,2.832782,3.528553,1240562,1.115590,0.603940
mpi,1,25000000,1,5,0.123888,0.669492,0.075854,2.832782,3.528553,1240562,1.115590,0.603940
mpi,1,25000000,2,1,0.095418,0.373836,0.082249,2.832782,3.528553,1240562,1.115590,0.603940
mpi,1,25000000,2,2,0.067565,0.364739,0.070353,2.832782,3.528553,1240562,1.115590,0.603940
mpi,1,25000000,2,3,0.094253,0.364623,0.074277,2.832782,3.528553,1240562,1.115590,0.603940
mpi,1,25000000,2,4,0.098289,0.386692,0.096674,2.832782,3.528553,1240562,1.115590,0.603940
mpi,1,25000000,2,5,0.062206,0.362570,0.072009,2.832782,3.528553,1240562,1.115590,0.603940
mpi,1,25000000,4,1,0.076807,0.230363,0.087475,2.832782,3.528553,1240562,1.115590,0.603940
mpi,1,25000000,4,2,0.072890,0.229843,0.088377,2.832782,3.528553,1240562,1.115590,0.603940
mpi,1,25000000,4,3,0.084214,0.226231,0.084962,2.832782,3.528553,1240562,1.115590,0.603940
mpi,1,25000000,4,4,0.073296,0.219145,0.077801,2.832782,3.528553,1240562,1.115590,0.603940
mpi,1,25000000,4,5,0.070967,0.248050,0.105082,2.832782,3.528553,1240562,1.115590,0.603940
mpi,1,25000000,8,1,0.085056,0.209017,0.107577,2.832782,3.528553,1240562,1.115590,0.603940
mpi,1,25000000,8,2,0.088617,0.205766,0.119119,2.832782,3.528553,1240562,1.115590,0.603940
mpi,1,25000000,8,3,0.086130,0.223272,0.118263,2.832782,3.528553,1240562,1.115590,0.603940
mpi,1,25000000,8,4,0.081849,0.213448,0.109070,2.832782,3.528553,1240562,1.115590,0.603940
mpi,1,25000000,8,5,0.084740,0.206151,0.108421,2.832782,3.528553,1240562,1.115590,0.603940
mpi,1,25000000,12,1,0.229295,0.352209,0.277826,2.832782,3.528553,1240562,1.115590,0.603940
mpi,1,25000000,12,2,0.087369,0.341012,0.266191,2.832782,3.528553,1240562,1.115590,0.603940
mpi,1,25000000,12,3,0.098166,0.398521,0.324791,2.832782,3.528553,1240562,1.115590,0.603940
mpi,1,25000000,12,4,0.085833,0.303986,0.231526,2.832782,3.528553,1240562,1.115590,0.603940
mpi,1,25000000,12,5,0.252618,0.331978,0.251089,2.832782,3.528553,1240562,1.115590,0.603940
sequential,0,47248723,1,1,0.173449,0.108384,0,2.870588,3.563598,2425865,0.000000,0.000000
sequential,0,47248723,1,2,0.129981,0.108778,0,2.870588,3.563598,2425865,0.000000,0.000000
sequential,0,47248723,1,3,0.128016,0.095252,0,2.870588,3.563598,2425865,0.000000,0.000000
sequential,0,47248723,1,4,0.119512,0.094297,0,2.870588,3.563598,2425865,0.000000,0.000000
sequential,0,47248723,1,5,0.126057,0.099316,0,2.870588,3.563598,2425865,0.000000,0.000000
openmp,0,47248723,1,1,0.138780,0.101880,0,2.870588,3.563598,2425865,0.000000,0.000000
openmp,0,47248723,1,2,0.137930,0.108415,0,2.870588,3.563598,2425865,0.000000,0.000000
openmp,0,47248723,1,3,0.151260,0.107304,0,2.870588,3.563598,2425865,0.000000,0.000000
openmp,0,47248723,1,4,0.137939,0.096444,0,2.870588,3.563598,2425865,0.000000,0.000000
openmp,0,47248723,1,5,0.122229,0.099067,0,2.870588,3.563598,2425865,0.000000,0.000000
openmp,0,47248723,2,1,0.122679,0.048954,0,2.870588,3.563598,2425865,0.000000,0.000000
openmp,0,47248723,2,2,0.125393,0.055437,0,2.870588,3.563598,2425865,0.000000,0.000000
openmp,0,47248723,2,3,0.125628,0.061421,0,2.870588,3.563598,2425865,0.000000,0.000000
openmp,0,47248723,2,4,0.121273,0.049786,0,2.870588,3.563598,2425865,0.000000,0.000000
openmp,0,47248723,2,5,0.140434,0.056017,0,2.870588,3.563598,2425865,0.000000,0.000000
openmp,0,47248723,4,1,0.132839,0.031339,0,2.870588,3.563598,2425865,0.000000,0.000000
openmp,0,47248723,4,2,0.130030,0.026550,0,2.870588,3.563598,2425865,0.000000,0.000000
openmp,0,47248723,4,3,0.138782,0.029137,0,2.870588,3.563598,2425865,0.000000,0.000000
openmp,0,47248723,4,4,0.128783,0.030177,0,2.870588,3.563598,2425865,0.000000,0.000000
openmp,0,47248723,4,5,0.119339,0.029267,0,2.870588,3.563598,2425865,0.000000,0.000000
openmp,0,47248723,8,1,0.129491,0.031450,0,2.870588,3.563598,2425865,0.000000,0.000000
openmp,0,47248723,8,2,0.118472,0.030754,0,2.870588,3.563598,2425865,0.000000,0.000000
openmp,0,47248723,8,3,0.122806,0.028060,0,2.870588,3.563598,2425865,0.000000,0.000000
openmp,0,47248723,8,4,0.128110,0.023270,0,2.870588,3.563598,2425865,0.000000,0.000000
openmp,0,47248723,8,5,0.120250,0.037888,0,2.870588,3.563598,2425865,0.000000,0.000000
openmp,0,47248723,12,1,0.124499,0.046362,0,2.870588,3.563598,2425865,0.000000,0.000000
openmp,0,47248723,12,2,0.124651,0.036715,0,2.870588,3.563598,2425865,0.000000,0.000000
openmp,0,47248723,12,3,0.120844,0.046207,0,2.870588,3.563598,2425865,0.000000,0.000000
openmp,0,47248723,12,4,0.145407,0.047050,0,2.870588,3.563598,2425865,0.000000,0.000000
openmp,0,47248723,12,5,0.137561,0.036149,0,2.870588,3.563598,2425865,0.000000,0.000000
mpi,0,47248723,1,1,0.138335,0.327950,0.207474,2.870588,3.563598,2425865,0.000000,0.000000
mpi,0,47248723,1,2,0.134150,0.250501,0.130574,2.870588,3.563598,2425865,0.000000,0.000000
mpi,0,47248723,1,3,0.134939,0.371021,0.245242,2.870588,3.563598,2425865,0.000000,0.000000
mpi,0,47248723,1,4,0.137407,0.284414,0.157901,2.870588,3.563598,2425865,0.000000,0.000000
mpi,0,47248723,1,5,0.172221,0.266163,0.136208,2.870588,3.563598,2425865,0.000000,0.000000
mpi,0,47248723,2,1,0.125966,0.198035,0.140857,2.870588,3.563598,2425865,0.000000,0.000000
mpi,0,47248723,2,2,0.142176,0.194190,0.130839,2.870588,3.563598,2425865,0.000000,0.000000
mpi,0,47248723,2,3,0.129331,0.221170,0.163004,2.870588,3.563598,2425865,0.000000,0.000000
mpi,0,47248723,2,4,0.117865,0.211489,0.147628,2.870588,3.563598,2425865,0.000000,0.000000
mpi,0,47248723,2,5,0.168222,0.205416,0.145906,2.870588,3.563598,2425865,0.000000,0.000000
mpi,0,47248723,4,1,0.149679,0.258014,0.228464,2.870588,3.563598,2425865,0.000000,0.000000
mpi,0,47248723,4,2,0.150205,0.187345,0.156729,2.870588,3.563598,2425865,0.000000,0.000000
mpi,0,47248723,4,3,0.142266,0.170683,0.141975,2.870588,3.563598,2425865,0.000000,0.000000
mpi,0,47248723,4,4,0.164862,0.230554,0.201501,2.870588,3.563598,2425865,0.000000,0.000000
mpi,0,47248723,4,5,0.132006,0.178161,0.148403,2.870588,3.563598,2425865,0.000000,0.000000
mpi,0,47248723,8,1,0.160539,0.205954,0.183416,2.870588,3.563598,2425865,0.000000,0.000000
mpi,0,47248723,8,2,0.177354,0.252661,0.227842,2.870588,3.563598,2425865,0.000000,0.000000
mpi,0,47248723,8,3,0.164899,0.213010,0.193245,2.870588,3.563598,2425865,0.000000,0.000000
mpi,0,47248723,8,4,0.159521,0.212439,0.188617,2.870588,3.563598,2425865,0.000000,0.000000
mpi,0,47248723,8,5,0.165278,0.246398,0.226541,2.870588,3.563598,2425865,0.000000,0.000000
mpi,0,47248723,12,1,0.165487,0.307841,0.290171,2.870588,3.563598,2425865,0.000000,0.000000
mpi,0,47248723,12,2,0.368256,0.463749,0.446232,2.870588,3.563598,2425865,0.000000,0.000000
mpi,0,47248723,12,3,0.601705,0.309447,0.292153,2.870588,3.563598,2425865,0.000000,0.000000
mpi,0,47248723,12,4,0.177104,0.347412,0.331492,2.870588,3.563598,2425865,0.000000,0.000000
mpi,0,47248723,12,5,0.171473,0.459326,0.435607,2.870588,3.563598,2425865,0.000000,0.000000
sequential,1,47248723,1,1,0.187028,1.123978,0,2.870588,3.563598,2425865,1.122182,0.609154
sequential,1,47248723,1,2,0.123636,1.086627,0,2.870588,3.563598,2425865,1.122182,0.609154
sequential,1,47248723,1,3,0.133616,1.077726,0,2.870588,3.563598,2425865,1.122182,0.609154
sequential,1,47248723,1,4,0.145686,1.132134,0,2.870588,3.563598,2425865,1.122182,0.609154
sequential,1,47248723,1,5,0.136161,1.100569,0,2.870588,3.563598,2425865,1.122182,0.609154
openmp,1,47248723,1,1,0.136103,1.087533,0,2.870588,3.563598,2425865,1.122182,0.609154
openmp,1,47248723,1,2,0.141775,1.084148,0,2.870588,3.563598,2425865,1.122182,0.609154
openmp,1,47248723,1,3,0.129568,1.079328,0,2.870588,3.563598,2425865,1.122182,0.609154
openmp,1,47248723,1,4,0.128133,1.083154,0,2.870588,3.563598,2425865,1.122182,0.609154
openmp,1,47248723,1,5,0.123909,1.079468,0,2.870588,3.563598,2425865,1.122182,0.609154
openmp,1,47248723,2,1,0.123457,0.539142,0,2.870588,3.563598,2425865,1.122182,0.609154
openmp,1,47248723,2,2,0.124085,0.547798,0,2.870588,3.563598,2425865,1.122182,0.609154
openmp,1,47248723,2,3,0.130134,0.540169,0,2.870588,3.563598,2425865,1.122182,0.609154
openmp,1,47248723,2,4,0.125089,0.542873,0,2.870588,3.563598,2425865,1.122182,0.609154
openmp,1,47248723,2,5,0.122311,0.594967,0,2.870588,3.563598,2425865,1.122182,0.609154
openmp,1,47248723,4,1,0.129319,0.351471,0,2.870588,3.563598,2425865,1.122182,0.609154
openmp,1,47248723,4,2,0.151238,0.375561,0,2.870588,3.563598,2425865,1.122182,0.609154
openmp,1,47248723,4,3,0.143504,0.398740,0,2.870588,3.563598,2425865,1.122182,0.609154
openmp,1,47248723,4,4,0.143532,0.381924,0,2.870588,3.563598,2425865,1.122182,0.609154
openmp,1,47248723,4,5,0.142912,0.408356,0,2.870588,3.563598,2425865,1.122182,0.609154
openmp,1,47248723,8,1,0.135501,0.275509,0,2.870588,3.563598,2425865,1.122182,0.609154
openmp,1,47248723,8,2,0.157908,0.278903,0,2.870588,3.563598,2425865,1.122182,0.609154
openmp,1,47248723,8,3,0.151907,0.278494,0,2.870588,3.563598,2425865,1.122182,0.609154
openmp,1,47248723,8,4,0.152052,0.278700,0,2.870588,3.563598,2425865,1.122182,0.609154
openmp,1,47248723,8,5,0.143825,0.282879,0,2.870588,3.563598,2425865,1.122182,0.609154
openmp,1,47248723,12,1,0.155228,0.304320,0,2.870588,3.563598,2425865,1.122182,0.609154
openmp,1,47248723,12,2,0.153933,0.299792,0,2.870588,3.563598,2425865,1.122182,0.609154
openmp,1,47248723,12,3,0.147421,0.312873,0,2.870588,3.563598,2425865,1.122182,0.609154
openmp,1,47248723,12,4,0.155332,0.293521,0,2.870588,3.563598,2425865,1.122182,0.609154
openmp,1,47248723,12,5,0.158783,0.329077,0,2.870588,3.563598,2425865,1.122182,0.609154
mpi,1,47248723,1,1,0.126047,1.353588,0.243328,2.870588,3.563598,2425865,1.122182,0.609154
mpi,1,47248723,1,2,0.126813,1.312618,0.202166,2.870588,3.563598,2425865,1.122182,0.609154
mpi,1,47248723,1,3,0.122323,1.262738,0.158417,2.870588,3.563598,2425865,1.122182,0.609154
mpi,1,47248723,1,4,0.128273,1.250871,0.128690,2.870588,3.563598,2425865,1.122182,0.609154
mpi,1,47248723,1,5,0.136768,1.247787,0.129847,2.870588,3.563598,2425865,1.122182,0.609154
mpi,1,47248723,2,1,0.127670,0.693256,0.146264,2.870588,3.563598,2425865,1.122182,0.609154
mpi,1,47248723,2,2,0.164578,0.688711,0.145827,2.870588,3.563598,2425865,1.122182,0.609154
mpi,1,47248723,2,3,0.148516,0.678616,0.129679,2.870588,3.563598,2425865,1.122182,0.609154
mpi,1,47248723,2,4,0.150260,0.682145,0.135567,2.870588,3.563598,2425865,1.122182,0.609154
mpi,1,47248723,2,5,0.178211,0.699093,0.133516,2.870588,3.563598,2425865,1.122182,0.609154
mpi,1,47248723,4,1,0.136079,0.451450,0.176365,2.870588,3.563598,2425865,1.122182,0.609154
mpi,1,47248723,4,2,0.135749,0.496980,0.217674,2.870588,3.563598,2425865,1.122182,0.609154
mpi,1,47248723,4,3,0.135856,0.441815,0.161282,2.870588,3.563598,2425865,1.122182,0.609154
mpi,1,47248723,4,4,0.146009,0.556891,0.218585,2.870588,3.563598,2425865,1.122182,0.609154
mpi,1,47248723,4,5,0.146397,0.598064,0.230209,2.870588,3.563598,2425865,1.122182,0.609154
mpi,1,47248723,8,1,0.165105,0.533766,0.252957,2.870588,3.563598,2425865,1.122182,0.609154
mpi,1,47248723,8,2,0.192222,0.534352,0.255512,2.870588,3.563598,2425865,1.122182,0.609154
mpi,1,47248723,8,3,0.175554,0.529740,0.243146,2.870588,3.563598,2425865,1.122182,0.609154
mpi,1,47248723,8,4,0.170917,0.527359,0.240091,2.870588,3.563598,2425865,1.122182,0.609154
mpi,1,47248723,8,5,0.166644,0.530587,0.245791,2.870588,3.563598,2425865,1.122182,0.609154
mpi,1,47248723,12,1,0.399414,0.941818,0.717636,2.870588,3.563598,2425865,1.122182,0.609154
mpi,1,47248723,12,2,0.495485,1.085750,0.875208,2.870588,3.563598,2425865,1.122182,0.609154
mpi,1,47248723,12,3,0.198528,0.740182,0.530946,2.870588,3.563598,2425865,1.122182,0.609154
mpi,1,47248723,12,4,0.436287,1.024886,0.814627,2.870588,3.563598,2425865,1.122182,0.609154
mpi,1,47248723,12,5,0.205598,1.212361,1.003931,2.870588,3.563598,2425865,1.122182,0.609154
