mode,N,model,p,t,sd,comm,io,seq,speedup,eff,localcomp
0,1000000,mpi,1,0.0086418,0.0013051881856651936,0.0043908,0.0046408,0.0025404,0.2939665347497049,0.2939665347497049,0.004251
0,1000000,mpi,2,0.007405200000000001,0.0024439794802739246,0.005665399999999999,0.005398,0.0025404,0.3430562307567655,0.17152811537838275,0.0017398000000000014
0,1000000,mpi,4,0.0053888,0.001127038242474496,0.0045969999999999995,0.0038576,0.0025404,0.47142220902612825,0.11785555225653206,0.0007918000000000005
0,1000000,mpi,8,0.0083266,0.004389474945822108,0.0078908,0.0040647999999999995,0.0025404,0.30509451636922635,0.038136814546153294,0.0004358000000000001
0,1000000,mpi,12,0.036764000000000005,0.01953847503005288,0.036407800000000004,0.0045382,0.0025404,0.06910020672396909,0.005758350560330757,0.00035620000000000096
0,1000000,openmp,1,0.002338,0.00023709069994413542,0.0,0.0027914000000000003,0.0025404,1.0865697177074423,1.0865697177074423,0.002338
0,1000000,openmp,2,0.0014586,6.530926427391443e-05,0.0,0.0027106,0.0025404,1.741670094611271,0.8708350473056355,0.0014586
0,1000000,openmp,4,0.0013564,0.0004047885867956259,0.0,0.003112,0.0025404,1.8728988498967856,0.4682247124741964,0.0013564
0,1000000,openmp,8,0.007206,0.008199518126085215,0.0,0.0037110000000000003,0.0025404,0.35253955037468776,0.04406744379683597,0.007206
0,1000000,openmp,12,0.0163662,0.008623041876275448,0.0,0.0029232,0.0025404,0.15522234849873517,0.012935195708227931,0.0163662
0,1000000,sequential,1,0.0025404,0.00036145027320504277,0.0,0.0037670000000000004,0.0025404,1.0,1.0,0.0025404
0,5000000,mpi,1,0.030465,0.005121127951926216,0.0173786,0.016494799999999997,0.0196702,0.6456655178073198,0.6456655178073198,0.013086399999999998
0,5000000,mpi,2,0.029086800000000003,0.007609326067399138,0.0218956,0.0215394,0.0196702,0.6762586465338228,0.3381293232669114,0.007191200000000002
0,5000000,mpi,4,0.020960799999999998,0.001620826394158241,0.0174452,0.018455,0.0196702,0.9384279225983742,0.23460698064959354,0.003515599999999997
0,5000000,mpi,8,0.0224508,0.000883497425010396,0.020372400000000002,0.020984999999999997,0.0196702,0.8761469524471288,0.1095183690558911,0.0020783999999999976
0,5000000,mpi,12,0.0493508,0.020377487165987862,0.047658,0.023881,0.0196702,0.3985791517057474,0.033214929308812285,0.0016928000000000012
0,5000000,openmp,1,0.016184999999999998,0.0038928905070654118,0.0,0.0180146,0.0196702,1.2153351869014521,1.2153351869014521,0.016184999999999998
0,5000000,openmp,2,0.008087800000000001,0.0015544750560880672,0.0,0.015545999999999999,0.0196702,2.4320828902791853,1.2160414451395927,0.008087800000000001
0,5000000,openmp,4,0.005087400000000001,0.0007809345683218281,0.0,0.0236816,0.0196702,3.8664543774816207,0.9666135943704052,0.005087400000000001
0,5000000,openmp,8,0.0054084,0.0033782947325536887,0.0,0.0170412,0.0196702,3.6369721174469345,0.4546215146808668,0.0054084
0,5000000,openmp,12,0.022274,0.007556389349418147,0.0,0.0176162,0.0196702,0.8831013737990482,0.07359178114992068,0.022274
0,5000000,sequential,1,0.0196702,0.006212358545673293,0.0,0.0223246,0.0196702,1.0,1.0,0.0196702
0,10000000,mpi,1,0.0570118,0.007397114822685934,0.0315906,0.0295756,0.0272662,0.4782553787110739,0.4782553787110739,0.025421199999999998
0,10000000,mpi,2,0.046933,0.0033396222091727668,0.0336172,0.04072,0.0272662,0.5809600920461083,0.29048004602305416,0.013315800000000003
0,10000000,mpi,4,0.0414948,0.0028303071741420565,0.0347614,0.0360786,0.0272662,0.6570992027916751,0.16427480069791878,0.0067334000000000005
0,10000000,mpi,8,0.044675,0.002557405521226542,0.0398442,0.0351786,0.0272662,0.610323447118075,0.07629043088975937,0.004830799999999996
0,10000000,mpi,12,0.0605632,0.007535635885577272,0.057164799999999995,0.0410028,0.0272662,0.4502106889992603,0.03751755741660503,0.003398400000000003
0,10000000,openmp,1,0.026771800000000002,0.002923456550044826,0.0,0.030649799999999998,0.0272662,1.0184671930912377,1.0184671930912377,0.026771800000000002
0,10000000,openmp,2,0.015628799999999998,0.006891172773918818,0.0,0.0325838,0.0272662,1.7446125102375105,0.8723062551187553,0.015628799999999998
0,10000000,openmp,4,0.0087028,0.003134776499210111,0.0,0.032521800000000003,0.0272662,3.1330376430574067,0.7832594107643517,0.0087028
0,10000000,openmp,8,0.0089696,0.003965792140291773,0.0,0.0306618,0.0272662,3.039845701034606,0.37998071262932576,0.0089696
0,10000000,openmp,12,0.020753399999999998,0.004499866531354013,0.0,0.0285332,0.0272662,1.3138184586621953,0.10948487155518294,0.020753399999999998
0,10000000,sequential,1,0.0272662,0.005521605989202779,0.0,0.0317884,0.0272662,1.0,1.0,0.0272662
0,25000000,mpi,1,0.1569294,0.028747005292725714,0.09055640000000001,0.08751980000000001,0.06105039999999999,0.3890309910061467,0.3890309910061467,0.06637299999999999
0,25000000,mpi,2,0.117255,0.012463024111346333,0.0851354,0.09491720000000001,0.06105039999999999,0.5206635111509104,0.2603317555754552,0.0321196
0,25000000,mpi,4,0.09816319999999999,0.007171787273755401,0.082286,0.07949439999999999,0.06105039999999999,0.6219275655235362,0.15548189138088406,0.015877199999999994
0,25000000,mpi,8,0.10926620000000001,0.005678382621838724,0.0986068,0.0837286,0.06105039999999999,0.5587308792655001,0.06984135990818752,0.010659400000000013
0,25000000,mpi,12,0.21355079999999999,0.037049906810948934,0.2046634,0.098217,0.06105039999999999,0.2858823287011802,0.023823527391765017,0.00888739999999999
0,25000000,openmp,1,0.0544326,0.004365988696732961,0.0,0.0718396,0.06105039999999999,1.1215778779628383,1.1215778779628383,0.0544326
0,25000000,openmp,2,0.0356114,0.009003709196769962,0.0,0.0710722,0.06105039999999999,1.7143498991895851,0.8571749495947926,0.0356114
0,25000000,openmp,4,0.0190636,0.0050043506371956,0.0,0.06879660000000001,0.06105039999999999,3.2024591367842374,0.8006147841960594,0.0190636
0,25000000,openmp,8,0.0156362,0.005565465182713841,0.0,0.06860279999999999,0.06105039999999999,3.9044269067932103,0.4880533633491513,0.0156362
0,25000000,openmp,12,0.030385600000000002,0.005321104048973295,0.0,0.069684,0.06105039999999999,2.0091885630035273,0.16743238025029394,0.030385600000000002
0,25000000,sequential,1,0.06105039999999999,0.010009274164493645,0.0,0.0771736,0.06105039999999999,1.0,1.0,0.06105039999999999
0,47248723,mpi,1,0.3000098,0.04915079202515459,0.17547980000000002,0.1434104,0.1012054,0.3373403135497574,0.3373403135497574,0.12452999999999997
0,47248723,mpi,2,0.20606,0.010764506514466886,0.14564680000000002,0.136712,0.1012054,0.4911452974861691,0.24557264874308454,0.06041319999999997
0,47248723,mpi,4,0.20495140000000003,0.03766021354559744,0.17541440000000003,0.1478036,0.1012054,0.49380194524165233,0.12345048631041308,0.029537000000000008
0,47248723,mpi,8,0.22609240000000003,0.021687136586004168,0.20393219999999998,0.1655182,0.1012054,0.44762849171400715,0.055953561464250894,0.022160200000000047
0,47248723,mpi,12,0.377555,0.07829949550603758,0.359131,0.296805,0.1012054,0.2680547205042974,0.022337893375358117,0.018423999999999996
0,47248723,openmp,1,0.10262199999999999,0.00516808102684159,0.0,0.13762760000000002,0.1012054,0.9861959423905207,0.9861959423905207,0.10262199999999999
0,47248723,openmp,2,0.054322999999999996,0.0050966353116541525,0.0,0.1270814,0.1012054,1.863030392283195,0.9315151961415975,0.054322999999999996
0,47248723,openmp,4,0.029293999999999997,0.0017689423393655304,0.0,0.1299546,0.1012054,3.4548166860107874,0.8637041715026968,0.029293999999999997
0,47248723,openmp,8,0.0302844,0.00532784297816668,0.0,0.12382580000000001,0.1012054,3.341832758780098,0.41772909484751225,0.0302844
0,47248723,openmp,12,0.0424966,0.005548890907199384,0.0,0.1305924,0.1012054,2.3814940489356795,0.19845783741130663,0.0424966
0,47248723,sequential,1,0.1012054,0.006993128112654587,0.0,0.135403,0.1012054,1.0,1.0,0.1012054
1,1000000,mpi,1,0.0299694,0.0031633688213674994,0.0046428,0.0042494,0.0286354,0.9554879310229767,0.9554879310229767,0.0253266
1,1000000,mpi,2,0.0183418,0.002446218244556277,0.0052218,0.0047872,0.0286354,1.5612099139670044,0.7806049569835022,0.013119999999999998
1,1000000,mpi,4,0.0133004,0.0017479208506108047,0.005209,0.0042554,0.0286354,2.152972842922017,0.5382432107305043,0.0080914
1,1000000,mpi,8,0.011308799999999999,0.0019266703662017542,0.007823199999999999,0.0061914,0.0286354,2.5321342671194116,0.31651678338992645,0.0034856
1,1000000,mpi,12,0.045806599999999996,0.011536899834877651,0.043120000000000006,0.0040746,0.0286354,0.6251369889928525,0.05209474908273771,0.0026865999999999904
1,1000000,openmp,1,0.030937000000000003,0.00986529439499907,0.0,0.0034201999999999995,0.0286354,0.9256036461195332,0.9256036461195332,0.030937000000000003
1,1000000,openmp,2,0.0202938,0.0075620737036873695,0.0,0.0037372000000000004,0.0286354,1.4110417960165171,0.7055208980082586,0.0202938
1,1000000,openmp,4,0.008457200000000002,0.0011598951245694585,0.0,0.0031654,0.0286354,3.3859196897318253,0.8464799224329563,0.008457200000000002
1,1000000,openmp,8,0.006367599999999999,0.0012867481494060911,0.0,0.0028082,0.0286354,4.497047553238269,0.5621309441547836,0.006367599999999999
1,1000000,openmp,12,0.0230562,0.004363237295861871,0.0,0.0030553999999999998,0.0286354,1.2419826337384305,0.10349855281153587,0.0230562
1,1000000,sequential,1,0.0286354,0.004282718447434993,0.0,0.0033178,0.0286354,1.0,1.0,0.0286354
1,5000000,mpi,1,0.13581959999999998,0.003991615437388729,0.0157372,0.017011199999999997,0.11882839999999999,0.8748987627706163,0.8748987627706163,0.12008239999999998
1,5000000,mpi,2,0.0794574,0.00634003590683838,0.021075599999999996,0.0219944,0.11882839999999999,1.4954982166544588,0.7477491083272294,0.0583818
1,5000000,mpi,4,0.0519224,0.004714182145399138,0.0226772,0.019595,0.11882839999999999,2.2885767992234562,0.5721441998058641,0.0292452
1,5000000,mpi,8,0.0422142,0.001055307869770714,0.025224200000000002,0.020047799999999998,0.11882839999999999,2.8148916715228522,0.35186145894035653,0.016989999999999998
1,5000000,mpi,12,0.082597,0.030241797879755766,0.06901779999999999,0.0238542,0.11882839999999999,1.4386527355715097,0.11988772796429248,0.013579200000000013
1,5000000,openmp,1,0.1234156,0.010316783670311216,0.0,0.013943800000000001,0.11882839999999999,0.9628312790279347,0.9628312790279347,0.1234156
1,5000000,openmp,2,0.065048,0.010118582904735229,0.0,0.0140436,0.11882839999999999,1.8267802238347066,0.9133901119173533,0.065048
1,5000000,openmp,4,0.033415,0.003536268725648546,0.0,0.0143234,0.11882839999999999,3.556139458327098,0.8890348645817745,0.033415
1,5000000,openmp,8,0.026054,0.002261922301937005,0.0,0.012830600000000001,0.11882839999999999,4.560850541183695,0.5701063176479618,0.026054
1,5000000,openmp,12,0.0398976,0.005579691729835977,0.0,0.0151694,0.11882839999999999,2.9783345364132177,0.24819454470110147,0.0398976
1,5000000,sequential,1,0.11882839999999999,0.005238686743831889,0.0,0.0161512,0.11882839999999999,1.0,1.0,0.11882839999999999
1,10000000,mpi,1,0.2684242,0.005563345054910775,0.0352336,0.030259199999999997,0.2581822,0.9618439768098405,0.9618439768098405,0.2331906
1,10000000,mpi,2,0.1498624,0.0015794371782378686,0.0340734,0.036547,0.2581822,1.7227950439870172,0.8613975219935086,0.115789
1,10000000,mpi,4,0.0935298,0.002438479587775955,0.036646200000000004,0.0370732,0.2581822,2.760427157975319,0.6901067894938298,0.05688359999999999
1,10000000,mpi,8,0.0800164,0.0032574300913450187,0.0420296,0.0381496,0.2581822,3.2266160437110387,0.40332700546387984,0.0379868
1,10000000,mpi,12,0.1198648,0.03302272828977036,0.090793,0.0462124,0.2581822,2.1539451114922814,0.1794954259576901,0.029071799999999995
1,10000000,openmp,1,0.2524582,0.019724063379537218,0.0,0.03236,0.2581822,1.0226730603323637,1.0226730603323637,0.2524582
1,10000000,openmp,2,0.13258620000000002,0.017413514025032398,0.0,0.027207,0.2581822,1.9472780726802634,0.9736390363401317,0.13258620000000002
1,10000000,openmp,4,0.0630878,0.006533715191221608,0.0,0.028577199999999997,0.2581822,4.092426744949102,1.0231066862372755,0.0630878
1,10000000,openmp,8,0.0500324,0.00747264403006058,0.0,0.027875,0.2581822,5.160300125518663,0.6450375156898329,0.0500324
1,10000000,openmp,12,0.057913000000000006,0.015492058045979562,0.0,0.027852599999999998,0.2581822,4.458104397976274,0.37150869983135615,0.057913000000000006
1,10000000,sequential,1,0.2581822,0.019044877610528234,0.0,0.038764599999999996,0.2581822,1.0,1.0,0.2581822
1,25000000,mpi,1,0.6831775999999999,0.026736035818722272,0.0824194,0.0816084,0.5705910000000001,0.8352015639857047,0.8352015639857047,0.6007581999999999
1,25000000,mpi,2,0.370492,0.010048912752133932,0.0791124,0.0835462,0.5705910000000001,1.5400899344655217,0.7700449672327608,0.29137959999999996
1,25000000,mpi,4,0.2307264,0.010669548012919758,0.0887394,0.0756348,0.5705910000000001,2.4730199925106104,0.6182549981276526,0.141987
1,25000000,mpi,8,0.21153080000000002,0.007246133293005305,0.11249,0.0852784,0.5705910000000001,2.6974369689898587,0.33717962112373234,0.09904080000000001
1,25000000,mpi,12,0.3455412,0.03457827156900705,0.2702846,0.15065620000000002,0.5705910000000001,1.6512965747644568,0.13760804789703807,0.0752566
1,25000000,openmp,1,0.57428,0.005975093137349407,0.0,0.0739534,0.5705910000000001,0.9935763042418334,0.9935763042418334,0.57428
1,25000000,openmp,2,0.2916528,0.006702094277164416,0.0,0.0721982,0.5705910000000001,1.956405013084051,0.9782025065420255,0.2916528
1,25000000,openmp,4,0.15373140000000002,0.017236918091700724,0.0,0.0697642,0.5705910000000001,3.71160998989146,0.927902497472865,0.15373140000000002
1,25000000,openmp,8,0.113066,0.006568250832603761,0.0,0.0686346,0.5705910000000001,5.046530345108168,0.630816293138521,0.113066
1,25000000,openmp,12,0.1312694,0.018564623758643744,0.0,0.0679038,0.5705910000000001,4.346717513754157,0.3622264594795131,0.1312694
1,25000000,sequential,1,0.5705910000000001,0.003521317012141971,0.0,0.0733662,0.5705910000000001,1.0,1.0,0.5705910000000001
1,47248723,mpi,1,1.2855204,0.046127286504844336,0.1724896,0.12804480000000001,1.1042068,0.8589570418330196,0.8589570418330196,1.1130308
1,47248723,mpi,2,0.6883642,0.008259282335651211,0.13817059999999998,0.153847,1.1042068,1.604102595689898,0.802051297844949,0.5501936000000001
1,47248723,mpi,4,0.5090399999999999,0.06744672546165605,0.20082300000000003,0.140018,1.1042068,2.1691945623133746,0.5422986405783436,0.3082169999999999
1,47248723,mpi,8,0.5311608,0.0029057024451929095,0.2474994,0.17408839999999998,1.1042068,2.0788559697929516,0.25985699622411895,0.28366139999999995
1,47248723,mpi,12,1.0009994,0.17603629885850247,0.7884696,0.3470624,1.1042068,1.1031043575051094,0.09192536312542578,0.2125298
1,47248723,openmp,1,1.0827262000000002,0.0034450502463679654,0.0,0.1318976,1.1042068,1.0198393647442907,1.0198393647442907,1.0827262000000002
1,47248723,openmp,2,0.5529898,0.02370403038936629,0.0,0.1250152,1.1042068,1.9967941542502232,0.9983970771251116,0.5529898
1,47248723,openmp,4,0.38321039999999995,0.02202854587347975,0.0,0.14210099999999998,1.1042068,2.8814635510936033,0.7203658877734008,0.38321039999999995
1,47248723,openmp,8,0.278897,0.002623743604089385,0.0,0.1482386,1.1042068,3.959192103177876,0.4948990128972345,0.278897
1,47248723,openmp,12,0.3079166,0.01377049731491205,0.0,0.15413939999999998,1.1042068,3.586058042989563,0.29883817024913023,0.3079166
1,47248723,sequential,1,1.1042068,0.023421915884487346,0.0,0.1452254,1.1042068,1.0,1.0,1.1042068
